99C9DD,愚人码头,6760-4
B7DCEA,法国蕾丝,6751-4
DDF6FD,平静海风,6708-4
ECE1E3,幽幽熏草,0101-4
FAFBFB,思念,0107-4
F6F4FA,瑞士红,0108-4
D9BFD2,绣线菊,0110-4
E1CFD8,西洋丁香,0151-4
D8C2D0,悠悠若兰,0160-4
F2E4E7,大花蕙兰,0201-4
E6FDEC,雪山霞光,0207-4
F8ECEE,巴蕾舞,0208-4
EDC8DC,甜蜜公主,0210-4
ECD5DD,荷仙姑,0251-4
E8C8D7,莲花仙子,0260-4
F3E4E3,顾影留盼,0301-4
F8FFF3,葡萄酒,0307-4
FAEFF2,仙鹤红,0308-4
EEC4D4,羞答答,0310-4
F3D4DE,纤纤玉指,0351-4
ECC3CF,傲霜冬梅,0360-4
F4E1E1,出水芙蓉,0401-4
F9ECF1,烛光,0407-4
F8E4E5,孔雀红,0408-4
F3C5D2,怡然蝶园,0410-4
EDC7CE,亲亲宝贝,0451-4
E9B7C1,落日余辉,0460-4
F6E1E0,柔情依依,0501-4
FBF2F3,欢乐,0507-4
FAF1ED,岩石红,0508-4
F8C4CD,荷兰石竹,0510-4
F7D1D6,静若处子,0551-4
E8B2B6,千娇百媚,0560-4
F5E2DE,纯真岁月,0601-4
FCF1EB,红丝带,0607-4
F9E8E5,水彩画,0608-4
F7C2C4,嫣然一笑,0610-4
F7CCCD,菁菁校园,0651-4
F2B8BB,红珊瑚,0660-4
F5DCD7,粉霜,0701-4
FBF5ED,粉茉莉,0707-4
FBF4EE,番薯红,0708-4
EEB3B1,玫瑰新娘,0710-4
F4C4C1,三月桃红,0751-4
E9B7B7,跳跃粉彩,0760-4
EBDDD7,巧笑焉然,0801-4
F8F0E5,精制白脱,0807-4
F9EEE7,甜蜜花香,0808-4
D7B6B8,蔷薇,0810-4
DEC7C3,祥云飘渺,0851-4
D4B6B2,珊瑚,0860-4
F0E4DB,风尘仆仆,0901-4
F8F5EC,可可蛋奶,0907-4
F9F5ED,杏仁果,0908-4
E7D1C8,静谧米兰,0951-4
D6B9B2,香石竹,0960-4
ECD4CA,艳影,1001-4
F2E6D9,麦乳精,1007-4
FCEFE3,贝壳红,1008-4
D4A69C,成熟浆果,1010-4
DEB9AE,粉红珊瑚,1051-4
D3A79C,欢快小鹿,1060-4
F0E0D5,小桦树,1101-4
F9F2E7,护花使者,1107-4
FBF3E8,粉红蕾丝,1108-4
DCAE9E,乡村小径,1110-4
E8CBBD,贝思黄,1151-4
DDBAA9,凝褐,1160-4
EADFD5,薄雾玫瑰,1201-4
F3F0E7,毛绒玩具,1207-4
F8EFE4,野蘑菇,1208-4
D8BAAB,茶红,1210-4
E0C8BB,韵红,1251-4
D2BCAE,绛石,1260-4
E7E6DD,貂白,1301-4
F9FDF6,石膏岩,1307-4
F3F7F0,飞马行空,1308-4
CCC9C3,淡灰,1310-4
D8D6CF,雪花石膏,1351-4
C8C8C4,灰纽扣,1360-4
F6E4DA,天然一色,1401-4
F6F2E8,矿石场,1407-4
F7F1E9,澳洲坚果,1408-4
F3C5BC,妩媚娇娃,1410-4
F5D1C8,千千结,1451-4
F7E8DE,轻纱遮面,1501-4
FBF6EE,贝壳白,1507-4
FCECE2,玫瑰石,1508-4
F9CDC5,红颜知己,1510-4
F9D8CF,囡囡红,1551-4
F3BCB1,玫瑰红,1560-4
F7E2D2,粉色象牙,1601-4
FAF8EE,浅米色,1607-4
FAEEE0,埃尔沙,1608-4
F5BFAD,日光浴,1610-4
F4C8B7,雨花石,1651-4
EFB7A7,龙虾沙律,1660-4
F8E9DB,玉米彩,1701-4
FAF7EB,蜜柚,1707-4
FCF2E4,珊瑚海滩,1708-4
FCCDB5,温香暖玉,1710-4
FBDAC6,桃花彩,1751-4
FBCCB1,蟠桃彩,1760-4
F7E3D0,樱花彩,1801-4
FCF4E3,楸木红,1807-4
FBF9E9,维多利亚黄,1808-4
FCD0AA,橙花油,1810-4
FBDCBC,昨日再现,1851-4
F8D1B4,杏仁花,1860-4
F8EAD2,象牙海岸,1901-4
FDF9E5,亚麻桌布,1907-4
FCF4DD,法式面包,1908-4
FFD6A9,烛光摇曳,1910-4
FBDDB6,阿里巴巴,1951-4
FED5AC,黎明之月,1960-4
F3E0CD,香子兰,2001-4
F8EDDA,流沙,2007-4
FAFAEF,香草冰激凌,2008-4
ECC7AA,玫瑰花蜜,2010-4
EFD1BA,胡桃彩,2051-4
E5BDA0,高原羊驼,2060-4
F2E2D2,柔美肌肤,2101-4
FAF9EC,传世遗珍,2107-4
FBEDDB,锯叶草,2108-4
E6C1AB,醇香奶酪,2110-4
EBCDB9,桃韫气息,2151-4
DDBAA4,大漠风情,2160-4
F7DFD0,人面桃花,2201-4
F9F0E1,高地生活,2207-4
FBEEDF,想往,2208-4
F0C0A9,贝壳,2210-4
F3CCB9,夕阳,2251-4
F0BFA4,高梁穗,2260-4
F6E6D6,飞絮,2301-4
FBF5E5,星辰,2307-4
F8F2E4,粉珍珠,2308-4
F0C7AA,浅杏,2310-4
F2D5C0,杏元饼干,2351-4
ECC6AD,驼绒,2360-4
F2E5D5,名瓷,2401-4
FAF5E7,欧洲亚麻,2407-4
F8EDDC,大麦茶,2408-4
DBBEA6,陶土,2410-4
E9D4C0,亚麻,2451-4
D7B7A0,巧克力屑,2460-4
EFE6DA,蛋白奶糖,2501-4
F8F4E8,麦乡野花,2507-4
FDF5E1,含羞草,2508-4
DCCBBA,可可糖,2510-4
E5D8C8,古象牙,2551-4
DDCFC1,可可果冻,2560-4
E7E0DA,粉白,2601-4
FBFAF4,夏日莉莲,2607-4
EBE9E1,肩章红,2608-4
CCBDB7,哔叽灰,2610-4
D7CDC7,幻影,2651-4
CABDB7,帏幔,2660-4
FDE6BF,象牙黄,2701-4
F9F4D9,上弦月,2707-4
FEF5D7,果仁蛋糕,2708-4
FFD898,太白金星,2710-4
FFE0AE,金发碧眼,2751-4
FDCA8B,倩女幽魂,2760-4
F7EDD5,秋日私语,2801-4
FCFCEB,黄飘带,2807-4
FEFDE6,睡莲,2808-4
FFE2A7,喜气洋洋,2810-4
FCE7C1,梨碧花,2851-4
FFDEA3,大波斯菊,2860-4
F7EFD0,琥珀彩,2901-4
FCFDEA,精梳棉,2907-4
FAFBE8,色拉浆,2908-4
FCE6A8,柠檬香,2910-4
FBEAB8,花粉黄,2951-4
FFE7AC,甜曲奇,2960-4
F7F0D4,和平之光,3001-4
FBFDEF,虔诚,3007-4
FDFCD7,金发美女,3008-4
FBE9A8,波尔尼香槟,3010-4
FAEDBC,晨光,3051-4
FADE93,黄玫瑰,3060-4
F7F0CE,黄金海岸,3101-4
FBFAD2,奇迹,3107-4
FBFCE2,卡普里清酒,3108-4
FBEAAB,柠檬果冻,3110-4
F9EEC2,蕾丝花边,3151-4
F6E6B2,庭院深深,3160-4
F6F2D6,黄麻彩,3201-4
FAFDE4,三月阳光,3207-4
F6F8DA,桂花黄,3208-4
FAEDB4,北极春,3210-4
F6EDC4,珍珠黄,3251-4
F6E49B,淡咖哩,3260-4
F8EFCF,鲜奶油,3301-4
FAF9DC,愉悦,3307-4
FCFBDF,残月,3308-4
DEB552,树皮色,3340-4
F3E8C0,石英砂,3351-4
F7DFAD,流光溢彩,3360-4
EFE3D2,荷兰乳酪,3401-4
FBFAE9,丝光棉,3407-4
FAF6E4,羊皮信纸,3408-4
E5C9AF,稻花香,3410-4
E3D1BD,曼哈顿印象,3451-4
D7C0A9,午后奶茶,3460-4
F4EBDE,晨曦,3501-4
F9F9EB,全麦饼干,3507-4
F9F5E5,鸡蛋布丁,3508-4
E5CDB2,小甜饼,3510-4
EFDEC8,柔软白沙,3551-4
E5CCB4,驼毛,3560-4
F6EAD1,香草黄,3601-4
FAFBEE,黄毕叽,3607-4
FCF5D9,胡椒黄,3608-4
F5DCB7,清风明月,3651-4
F5EED8,象牙,3701-4
FAFDEF,帆布工装,3707-4
FBF8DF,蜡烛黄,3708-4
F2DBB2,嫩黄,3710-4
F6E3C2,乡村印象,3751-4
EFD9B1,回忆,3760-4
EFEADC,新瓷,3801-4
FCF9E2,素色,3807-4
FDFBE0,官窑瓷器,3808-4
E6D3B4,午后戈壁,3810-4
E6DCCA,轻舞飞扬,3851-4
DACDB8,淡米色,3860-4
E8E5DD,初雪时节,3901-4
F6F7EC,浅丁香,3907-4
EFF1E5,八卦星相,3908-4
D9D3C2,飞沙走石,3910-4
DAD6CD,苍茫穹顶,3951-4
CBC8BE,霜林晚归,3960-4
F0EDC0,叶飘香,4001-4
F8FCD9,秋思,4007-4
F1F2BF,幻彩绿,4008-4
F4EDB6,柳叶彩,4051-4
EFF0CC,尼河日照,4101-4
F8FBD9,冷黄,4107-4
F2F9D7,网纹甜瓜,4108-4
E8EDBB,绿精灵,4151-4
EEF0DD,苦艾酒,4201-4
F5FCE6,甘蓝草,4207-4
F2FBDD,无忧草,4208-4
DDEAB3,香木缘,4210-4
E6EACB,青橙淡彩,4251-4
D8DFB4,嘉年华,4260-4
EDF1DB,早春时节,4301-4
F2FAE2,青柠汁,4307-4
E9F7E3,金山棕,4308-4
DBEBBB,春意融融,4310-4
D2E3BF,绿水晶,4360-4
E2ECD8,奶油黄瓜,4401-4
EDF5E7,夏雨,4407-4
EBF2E2,极地雪橇,4408-4
C5DCB8,翠堤春晓,4410-4
DBE8CD,似水柔情,4451-4
C0DABC,阿拉伯绿,4460-4
E9F0DA,霜封苔原,4501-4
F8FEF0,草木芳华,4507-4
DBFAEE,常青树,4508-4
DAEDC6,亮绿,4551-4
C0DFBC,青山翠谷,4560-4
E7F0DD,松柏常青,4601-4
F3FDF0,浅草绿,4607-4
F0FDEC,薄荷新叶,4608-4
C4E7BB,沫香奶茶,4610-4
DBEED0,清风拂面,4651-4
C4E4C4,青翠山岗,4660-4
F1EBDC,珍珠光华,4701-4
F8F5E4,落叶,4707-4
F5F0DB,阿拉伯帐篷,4708-4
E7D7BE,蟠桃,4710-4
EBDEC9,金色牧场,4751-4
E0D2B9,锡兰象牙,4760-4
F2EBD8,埃及艳后,4801-4
F8F6E5,咖啡知己,4807-4
FBFDF0,小木马,4808-4
EBDBB9,初冬街景,4810-4
EFE3C9,切尔沙的世界,4851-4
E5D5B5,深棕黄,4860-4
EEE8D8,白土布,4901-4
F9FBEF,西风高原,4907-4
F9FCED,小溪流,4908-4
E5DDBE,韭菜,4910-4
ECE5CD,石上清泉,4951-4
D9CDB3,油石灰,4960-4
F0F0DE,圣洁,5001-4
F4F7E6,泉城风景,5007-4
F3F4E1,青鸟翩翔,5008-4
E0DEBB,草原回春,5010-4
E9E6C8,洋葱,5051-4
DFDCBD,晨雾,5060-4
EAEDDB,冬园即景,5101-4
EAEFDA,苦艾草,5107-4
EDF4E4,牧场风暴,5108-4
D6D9B4,甘蔗,5110-4
DBE1C8,薄荷绿,5151-4
D0D7BA,青青草场,5160-4
E6E8DF,银狐,5201-4
EFF2E8,寒江冷月,5207-4
EAF3E7,蓝调爵士,5208-4
C8CEC5,波音飞机,5210-4
D5DAD0,雨季,5251-4
C4CBC4,灰姑娘,5260-4
E7F1E0,淡荷彩,5301-4
ECF7EC,秋水云庐,5307-4
EEFBED,惆怅,5308-4
C2E7C3,冰薄荷,5310-4
DCEED4,冰绿,5351-4
BCE2C2,浮萍,5360-4
DCEDDE,台地风光,5401-4
EFFCEE,山泉水,5407-4
F0FCF0,溪水潺潺,5408-4
A9E3C5,绿火花,5410-4
C2EBD4,小家碧玉,5451-4
B2DDC7,雾中翡翠,5460-4
DFF1E4,霜绿,5501-4
E8FDF1,水果清香,5507-4
EEFDF1,草本精华,5508-4
B2E8CF,纯绿,5510-4
C4ECD9,清川,5551-4
BBE0D5,海隅微阳,5560-4
E3F2E7,沧海月明,5601-4
F1FDF8,希望,5607-4
EDFAEF,峡谷烟云,5608-4
A9E7DA,烟涛微茫,5610-4
C1EDE3,寂寞清秋,5651-4
B1DCD4,寒馨,5660-4
DAF0E8,萧瑟西风,5701-4
ECFCF0,在水一方,5707-4
E0FCF5,山间飞瀑,5708-4
A2E1D8,秋波流转,5710-4
BDE9E3,海之女,5751-4
ADD7D4,冰兰,5760-4
DBEBE5,冰雾,5801-4
ECFAF3,润物细雨,5807-4
E9FDFC,冒险精神,5808-4
A5DFDC,浅蓝,5810-4
BBE6E2,昨夜星辰,5851-4
ABD5D6,似水流年,5860-4
D6ECE9,云林烟雾,5901-4
E8FCFB,外层空间,5907-4
EEFBF5,圣殿山,5908-4
A2DCDF,一望无际,5910-4
BBE3E3,仙乐飘飘,5951-4
AED5DB,快乐老家,5960-4
E9EEE2,柠檬汽水,6001-4
E6EED9,青涩酸橙,6007-4
EAF6EC,薄荷精油,6008-4
CCDBC8,浅绿,6010-4
CFDDCE,晨雾漫漫,6051-4
C1D4C4,烟雨朦朦,6060-4
E3E9E0,窃窃私语,6101-4
E4F3E8,布鲁塞尔灰,6107-4
E5F6EB,匈奴铁骑,6108-4
C2D4CC,北国山川,6110-4
D0DED5,涓涓细流,6151-4
BCCFC9,大运河,6160-4
E0EAE3,细雪,6201-4
EEFDF7,冰晶蓝,6207-4
E0F1EE,惊蛰春雷,6208-4
B0CDCD,蓝贵人,6210-4
C3D7D8,蔚蓝天空,6251-4
AFCACB,白杨礼赞,6260-4
D7E7E3,山间小溪,6301-4
EBF7F1,大风暴,6307-4
DBEFEF,雾锁冰洋,6308-4
A5CBD0,蒂罗尔蓝,6310-4
CADBDA,牛津纺,6351-4
BFD3D5,瑞雪丰年,6360-4
DEE9E5,冰天雪地,6401-4
F3FEFA,雁南飞,6407-4
E8F7F7,恋巢雏鸟,6408-4
B8D6DE,睡美人,6410-4
C4D7DA,蓝灰,6451-4
ACC6D0,远方,6460-4
DFE3DB,水色天光,6501-4
EBF7F1,深海珍珠,6507-4
E6F2F1,利剑寒光,6508-4
B9C2C1,翩翩起舞,6510-4
B9C4C4,海市蜃楼,6560-4
D7ECEA,萍水相逢,6601-4
F4FDF8,细雨情丝,6607-4
EFFBF8,晨歌,6608-4
A0D9E2,一帘幽梦,6610-4
BCDAE0,鸟鸣,6651-4
ABD1DC,极地清晨,6660-4
DFECEB,思绪万千,6701-4
EEFCFB,羞涩,6707-4
A1D4E9,爱情鸟,6710-4
D8E4E5,圣音,6801-4
EBFCFD,暮鼓晨钟,6807-4
E8F4F7,里海清波,6808-4
ABCEE4,挪威蓝,6810-4
BEDAE9,飘渺,6851-4
A8C6DA,紫罗兰,6860-4
DCE6E6,天蓝色,6901-4
E8F6FC,甜蜜遐想,6907-4
E8F5F9,冬日街灯,6908-4
ACCBE3,水中花,6910-4
C4D8E6,勿忘我,6951-4
AFC9DE,蓝狐,6960-4
E2E7E9,雪花膏,7001-4
F1FBFD,北风,7007-4
E8F3FB,冬日黄昏,7008-4
B8C7DF,水晶兰,7010-4
CBD8E6,紫气东升,7051-4
B9C9DD,人约黄昏,7060-4
E4E7E8,翩翩紫蝶,7101-4
F2F7F7,细雪飞舞,7107-4
EDF5FB,淡雅丁香,7108-4
C0C7DF,龙舌兰,7110-4
CED2DD,夜来香,7151-4
C1C6D8,紫雾丁香,7160-4
E7E5E7,蝴蝶兰,7201-4
F7FCFB,科罗拉多,7207-4
EAECF1,渴望,7208-4
CAC2DA,葡萄挂露,7210-4
D9D6E5,梦幻丁香,7251-4
CAC6DC,丁香小溪,7260-4
DDE5E4,太虚幻境,7301-4
EDFAF8,北欧港湾,7307-4
DDEAEA,雨季天空,7308-4
B4C8D0,渔光曲,7310-4
C7D2D5,康塔塔,7351-4
B7C5CB,暮色灰,7360-4
D8E5E4,雾都黎明,7401-4
F0FFFD,水粉画,7407-4
E3F5F8,畅想,7408-4
A2C5D3,飞燕草,7410-4
C3D8DE,空谷回声,7451-4
AECBD6,冬日晴空,7460-4
DCE6E6,极地寒冰,7501-4
EAF4F2,挪威森林,7507-4
D2E4EA,深遂太空,7508-4
B3CCDB,韵蓝,7510-4
BED2DC,亚得里亚海,7551-4
AFC9D6,仲夏夜之梦,7560-4
DCE5E8,天人合一,7601-4
E5F2F3,白桦,7607-4
DFEDF5,风中低语,7608-4
AFC7DA,法国奶酪,7610-4
C8D7E1,飘蓝,7651-4
BDCBD9,幸运星,7660-4
E5E8E5,青紗,7701-4
EBF1ED,青烟飘渺,7707-4
EEF3F6,浪漫情调,7708-4
C0CADC,天山雪莲,7710-4
D1D1DB,紫色花边,7751-4
C1C2D2,波斯绸,7760-4
E2E7E5,牛津白,7801-4
EEF8F7,夜色迷离,7807-4
EEF5F4,迅捷,7808-4
BCC8D0,寒江雪,7810-4
CAD0D2,银币,7851-4
B9C2C6,浅灰,7860-4
F3F7FD,霞风玉露,001-4
F0F4FE,烟紫,002-4
F8F5F8,淡菊,003-4
F6F2F6,蕙心兰,004-4
F8F7F8,日色微明,005-4
F8F5F3,暮春,006-4
FFD0A9,热带水果,8220-4
FBF8F4,烟雨和风,007-4
FBF6F3,婷玉,008-4
FAFAFB,杏雨梨云,009-4
F9F6F3,傲霜,010-4
F9F6F1,韶光年华,011-4
FFFEF8,晴空,012-4
FBFCF3,容华,013-4
FAF8EF,绮丽,014-4
FEFBF0,冰清玉透,015-4
FCFAEE,草莺,016-4
FDFFFC,天朗气清,017-4
FBFAED,露水芙蓉,018-4
FFDFBC,蜜桔,8210-4
FBFAEA,白月皎洁,019-4
F6F1E1,芸黄,020-4
FDFEFA,珠贝色,021-4
FFFFFB,银珠,022-4
FBFDF2,燕黄,023-4
FEFDE9,水蜜黄,024-4
FDFFFC,菱花白,025-4
FCFFF8,蜜合色,026-4
FAFEF7,银装素裹,027-4
FBFDEB,柠檬绸,028-4
FCFFF7,菊蕊白,029-4
FCFFF9,天竺葵,030-4
FDFFF9,韵白,031-4
FBFCE6,鸭嘴黄,032-4
FDFFFC,珍珠白,033-4
FAFCF2,贝卡黄,034-4
F8FAEB,萱草,035-4
FAFEF5,钻石黄,036-4
FBFFF9,流花白,037-4
FCFFF8,象牙白,038-4
FCFFF8,柳絮白,039-4
FDFFF0,松花黄,040-4
FAFFFF,霜花白,041-4
FAFFFD,冰晶,042-4
FBF2F3,粉茶花,8101-4
FFF1DB,薄雾杏色,8201-4
FAFFFE,藕荷绿,043-4
FAFFFD,玉青,044-4
F8FFFF,海滨微风,045-4
F9FFFB,松耳石,046-4
F8FFF5,飞花点翠,047-4
F8FFFB,秋香绿,048-4
FFE9CF,枇杷黄,8251-4
F1FAFB,碧落清泉,049-4
F1FBF7,绿丝,050-4
F2FCF6,抹茶,051-4
F3FEF7,竹叶青,052-4
F4FEFE,冰霜蓝,053-4
EEF7F7,青山淡彩,054-4
EEF8F5,烟青,055-4
EFF6F5,纯净灰,056-4
EEFCFF,海天蓝,057-4
EDFEFF,蟹壳青,058-4
F0F6F9,浅莲灰,059-4
DDE9F0,雪蓝,060-4
F7BEC6,玫瑰粉,8110-4
FADADD,睡莲红,8151-4
FCF2EA,春花红,7901-4
F9CEC7,山茶花,7910-4
FCE3DC,粉红棉,7951-4
FAE9E7,红樱桃,8001-4
F8BCBC,艳阳天,8010-4
FBD8D7,高地红,8051-4
F6F7F5,明斯克灰,061-4
F1F1E7,浅豆沙,062-4
EFEFE8,沙漠雾,063-4
F1ECDA,梧桐树,064-4
F6FBF2,迷情白,065-4
F2F6EF,清萍白,066-4
F0F0E5,杏子灰,067-4
E9EBE0,雅典白,068-4
F8FAF4,杨枝玉,069-4
F9FCEC,新叶黄,070-4
F5F9E9,淡黄绿,071-4
F1F4E4,暖翠,072-4