01400070,利维喜 束颜 90片,12,
01400500,利维喜 膳食纤维/草本配方 120片x2瓶,9,
01400560,利维喜法国松树皮提取物片 50片,5,
01400570,利维喜 法国松树皮提取物片 175片,6,
01400600,利维喜 复合B-100营养片 100片,12,
01400640,利维喜 莓果明慕精华 12x30毫升,12,
01400813,利维喜 活性红曲米胶囊 60粒,6,
01400950,利维喜 谷胱甘肽葡萄籽复合粉1.2克 X 30包,12,
01400960,利维喜 儿童DHA 粉,12,
01401320,利维喜 回原肽速C蛋白果味饮料400毫升（50毫升*8瓶） (NEW PRODUCT),11,
01401190,利维喜 STEMC 肽速C 30粒普通装,6,
02500030,Liverite 甘宁胶囊 60粒,11,
06100030,奥特蒙 100%金牌乳清蛋白粉（巧克力）5磅,48,
06100050,奥特蒙 100%金牌乳清蛋白粉（香草）5磅,37,
06100260,奥特蒙  高能增肌蛋白粉（巧克力）6磅,17,
10800010,瑞莱 男士多维矿物质综合营养片 60片,59,
10800100,瑞莱 钙镁锌复合片 90片,24,
10800170,瑞莱 深海鱼油软胶囊 1000 100粒,47,
10800420,瑞莱 叶酸营养片 800mg 100's,22,
10800510,瑞莱 番茄提取物软胶囊  10MG 60's,12,
10800520,瑞莱 维生素C营养片 90's,12,
10800530,瑞莱 儿童液体钙 16OZ,12,
10800560,瑞莱 大豆提取物软胶囊 60粒,12,
10800600,瑞莱 葡萄籽提取物胶囊100粒,48,
10800740,瑞莱 左旋肉碱胶囊   600mg  30‘s,58,
10800770,瑞莱 浓缩深海鱼油软胶囊 60粒 ,12,
10800790,瑞莱 ASF 褪黑素春黄菊复合胶囊 30粒 ,24,
10800800,瑞莱 左旋肉碱覆盆子复合胶囊 60粒,20,
10800810,瑞莱 辅酶Q10胶囊 50mg 30粒,24,
10800860,瑞莱 BF燃脂覆盆子植物提取复合片,39,
10800870,瑞莱 女性多种营养复合片 60片,35,
11900010,海之健 鱼油橄榄复合胶囊 60粒,12,
01401350,利维喜 回原胶原蛋白果味饮料 10x50毫升,24,
09901430,药盒（赠品）,125,
01401430,利维喜 STEMC 肽速C 30粒礼盒装,4,
01401440,利维喜  STEMC肽速C 60粒 礼盒装,6,