OW001-4,霞风玉露
OW002-4,烟紫
OW003-4,淡菊
OW004-4,蕙心兰
OW073-4,含羞紫
OW005-4,日色微明
OW009-4,杏雨梨云
OW006-4,暮春
OW010-4,傲霜
OW007-4,烟雨和风
OW008-4,婷玉
OW011-4,韶光年华
OW074-4,优雅日光
OW075-4,静谧之纯
OW012-4,晴空
OW076-4,柔粉
OW015-4,冰清玉透
OW014-4,绮丽
OW016-4,草莺
OW013-4,容华
OW077-4,雅粉
OW022-4,银珠
OW021-4,珠贝色
OW078-4,柔珠彩
OW079-4,丝滑飘羽
OW080-4,粉象牙
OW081-4,清馨
OW018-4,露水芙蓉
OW082-4,云端漫步
OW083-4,白鸽
OW084-4,生机
OW019-4,白月皎洁
OW085-4,原味酸奶
OW020-4,芸黄
OW064-4,梧桐树
OW017-4,天朗气清
OW031-4,韵白
OW025-4,菱花白
OW033-4,珍珠白
OW086-4,漫天风雪
OW034-4,贝卡黄
OW023-4,燕黄
OW027-4,银装素裹
OW030-4,天竺葵
OW029-4,菊蕊白
OW087-4,麦芽黄
OW024-4,水蜜黄
OW088-4,白晶菊
OW026-4,蜜合色
OW039-4,柳絮白
OW032-4,鸭嘴黄
OW028-4,柠檬绸
OW070-4,新叶黄
OW035-4,萱草
OW040-4,松花黄
OW038-4,象牙白
OW037-4,流花白
OW036-4,钻石黄
OW065-4,迷情白
OW072-4,暖翠
OW071-4,淡黄绿
OW089-4,水月相融
OW047-4,飞花点翠
OW046-4,松耳石
OW042-4,冰晶
OW052-4,竹叶青
OW090-4,冰雪精灵
OW048-4,秋香绿
OW091-4,春的苏醒
OW092-4,薄荷种子
OW044-4,玉青
OW041-4,霜花白
OW043-4,藕荷绿
OW050-4,绿丝
OW051-4,抹茶
OW053-4,冰霜蓝
OW055-4,烟青
OW058-4,蟹壳青
OW057-4,海天蓝
OW060-4,雪蓝
OW049-4,碧落清泉
OW054-4,青山淡彩
OW045-4,海滨微风
OW056-4,纯净灰
OW059-4,浅莲灰
OW093-4,玉润雅静
OW094-4,香醇豆奶
OW066-4,清萍白
OW067-4,杏子灰
OW068-4,雅典白
OW061-4,明斯克灰
OW069-4,杨枝玉
OW062-4,浅豆沙
OW095-4,白桦树
OW063-4,沙漠雾
RC0107-4,思念
RC0251-4,荷仙姑
RC0260-4,莲花仙子
RC0002-4,柔皙
RC0003-4,蜜桃粉
RC0004-4,粉唇
RC0005-4,野山莓
RC0009-4,法国玫瑰
RC0010-4,初生
RC0011-4,珊瑚粉
RC0012-4,酸果蔓
RC0016-4,山樱花
RC0017-4,粉彩
RC0210-4,甜蜜公主
RC0018-4,小桃园
RC0307-4,葡萄酒
RC0019-4,满架蔷薇
RC0020-4,精灵之歌
RC0310-4,羞答答
RC0021-4,梦游仙境
RC0022-4,香水百合
RC0023-4,爱的味道
RC0024-4,粉红佳人
RC0028-4,挚爱芳华
RC0029-4,诱惑
RC0030-4,桃花红
RC0031-4,春光烂漫
RC0035-4,梦里花
RC0036-4,香芋紫粉
RC0037-4,花颜悦色
RC0038-4,茶花女
RC0042-4,雾中玫瑰
RC0043-4,天堂花语
RC0044-4,纯真
RC0045-4,春桃
RC0207-4,雪山霞光
RC0201-4,大花蕙兰
RC0049-4,小步舞曲
RC0410-4,怡然蝶园
RC0050-4,蝴蝶飞
RC0051-4,粉雨
RC0052-4,蜜桃派
RC0053-4,玫瑰舞
RC0057-4,甜蜜之源
RC0058-4,小情歌
RC0059-4,水玉草莓
RC0060-4,梦幻糖果
RC0064-4,粉颜
RC8151-4,睡莲红
RC0065-4,缪斯女神
RC8110-4,玫瑰粉
RC0066-4,清雅
RC0067-4,花样甜心
RC0068-4,丘比特
RC0510-4,荷兰石竹
RC0069-4,水灵
RC0070-4,浪漫樱花
RC0071-4,柔软心情
RC0072-4,粉黛
RC0076-4,冰沁水粉
RC0077-4,蜜语
RC0078-4,草莓冰激凌
RC0079-4,婚礼祝福
RC0083-4,情窦初开
RC0084-4,婴儿粉
RC0085-4,巴黎诗人
RC0086-4,涩樱红
RC0090-4,浪漫嫩粉
RC7901-4,春花红
RC0501-4,柔情依依
RC0610-4,嫣然一笑
RC0091-4,雪之吻
RC0092-4,摇摆恋曲
RC0093-4,迷人淡红
RC0094-4,倾城之恋
RC0098-4,魅惑巴黎
RC8051-4,高地红
RC0099-4,花漾年华
RC8010-4,艳阳天
RC0401-4,出水芙蓉
RC0100-4,扶郎花
RC0651-4,菁菁校园
RC0660-4,红珊瑚
RN0507-4,欢乐
RN0308-4,仙鹤红
RN0001-4,花仙子
RN0002-4,花开诱惑
RN8101-4,粉茶花
RN8001-4,红樱桃
RN0408-4,孔雀红
RN0451-4,亲亲宝贝
RN0460-4,落日余辉
RN0208-4,巴蕾舞
RN0407-4,烛光
RN0351-4,纤纤玉指
RN0360-4,傲霜冬梅
RN0005-4,春樱
RN0006-4,恋爱之色
RN0007-4,绚烂粉蜜
RN0008-4,生如夏花
RN0012-4,夏日精灵
RN0013-4,娴静淑女
RN0014-4,香芋派
RN0015-4,醉颜羞涩
RN0019-4,香甜嫩粉
RN0020-4,蕾丝公主
RN0021-4,美人初醉
RN0022-4,海棠花香
RN0026-4,天使之翼
RN0027-4,窈窕淑女
RN0028-4,露染胭脂
RN0029-4,空谷幽兰
RN0033-4,粉果冻
RN0034-4,西雅图之夜
RN0551-4,静若处子
RN0560-4,千娇百媚
RN0035-4,宁静
RN0036-4,轻柔香吻
RN0037-4,蓓蕾绽放
RN0301-4,顾影留盼
RN0608-4,水彩画
RN0751-4,三月桃红
RN0760-4,跳跃粉彩
RN0042-4,粉水晶
RN0043-4,梦寐
RN0044-4,浪漫之歌
RN0045-4,落英缤纷
RN0049-4,哈达
RN0050-4,珠光淡粉
RN0051-4,蝶之恋
RN0710-4,玫瑰新娘
RN0708-4,番薯红
RN0607-4,红丝带
RN0052-4,芙蓉仙子
RN0053-4,映花
RN0057-4,淡粉
RN0058-4,漫步云间
RN0059-4,巴洛克圆舞曲
RN0064-4,梳妆
RN0065-4,伊甸园
RN1451-4,千千结
RN1460-4,鲜泡夫
RN0066-4,昙花一现
RN1508-4,玫瑰石
RN0067-4,丰润映像
RN1410-4,妩媚娇娃
RN0068-4,嫦娥
RN0069-4,淡粉迷香
RN0070-4,胭脂粉
RN0071-4,月季花
RN1501-4,轻纱遮面
RN0075-4,粉芳淡雅
RN1551-4,囡囡红
RN1560-4,玫瑰红
RN0707-4,粉茉莉
RN1401-4,天然一色
RN0076-4,春城一瞥
RN0077-4,花姿
RN1660-4,龙虾沙律
OC0601-4,纯真岁月
OC7951-4,粉红棉
OC7910-4,山茶花
OC0002-4,淡水粉
OC0508-4,岩石红
OC0701-4,粉霜
OC1510-4,红颜知己
OC0003-4,冰肌莹彻
OC0004-4,心随色动
OC0005-4,恋爱花火
OC0006-4,甜蜜粉
OC0010-4,美妙约会
OC0011-4,粉杏
OC0012-4,粉若桃李
OC0013-4,藕荷色
OC0017-4,柔美色
OC0018-4,浣纱
OC1651-4,雨花石
OC1610-4,日光浴 
OC0019-4,嫩荷
OC0020-4,香盈袖
OC0021-4,暖心
OC0023-4,淡奶泡沫
OC0024-4,都市甜心
OC0025-4,浓郁芬芳
OC0030-4,淡雅玫瑰
OC0031-4,精灵新娘
OC0032-4,丝柔百合
OC2207-4,高地生活
OC2201-4,人面桃花
OC2251-4,十月红雾
OC2210-4,贝壳
OC0037-4,莹嫩淡粉
OC0038-4,梦幻怡人
OC0039-4,丝袜奶茶
OC0040-4,三月东京
OC1701-4,玉米彩
OC0044-4,江边映日
OC0045-4,初妍
OC2260-4,三月桃花
OC0046-4,梦幻想
OC0047-4,白杏色
OC0048-4,婵韵
OC0053-4,胭红
OC0054-4,暗恋印象
OC0055-4,迷雾情缘
OC0056-4,蜜月
OC0060-4,金纯卓颜
OC0061-4,粉裸色
OC0062-4,落日清风
OC0063-4,江南水红
OC0067-4,樱花烂漫
OC0068-4,爱慕之情
OC0069-4,粉色夏恋
OC1710-4,温香暖玉
OC0070-4,嫩皙
OC0071-4,雪颜臻透
OC0072-4,美感粉瓷
OC0073-4,锦色流年
OC1607-4,浅米色
OC2208-4,想往
OC1751-4,桃花彩
OC1760-4,蟠桃彩
ON0001-4,魔恋仙灵
ON8201-4,薄雾杏色
ON8251-4,枇杷黄
ON8220-4,热带水果
ON0003-4,如玉
ON0004-4,雪蜜
ON0005-4,摩登米兰
ON0006-4,金纯粉润
ON0010-4,风雪娇梅
ON0011-4,苍麒麟
ON8210-4,蜜桔
ON0012-4,月色
ON0013-4,蜜霞
ON0014-4,容光焕发
ON0015-4,沙舞
ON0019-4,温情
ON0020-4,和煦
ON0021-4,乳橘色
ON0022-4,初夏枇杷
ON0026-4,清新优雅
ON0027-4,水梦之乡
ON0028-4,雨过天晴
ON0029-4,奶油曲奇
ON0033-4,纯净光韵
ON1901-4,象牙海岸
ON0034-4,逐梦精灵
ON1910-4,烛光摇曳
ON1908-4,法式面包
ON0035-4,华丽印象
ON1951-4,阿里巴巴
ON1960-4,黎明之月
ON1907-4,亚麻桌布
ON2708-4,果仁蛋糕
ON2751-4,金发碧眼
ON0036-4,玄米
ON0037-4,粉嫩丝滑
ON0038-4,娇黄
ON0039-4,清新早晨
ON0043-4,冬日午后
ON3608-4,胡椒黄
ON2701-4,象牙黄
ON2710-4,太白金星
ON0044-4,无瑕
ON0045-4,微光粼粼
ON0046-4,嫩水仙
ON0051-4,水晶月亮
ON0067-4,米绸色
ON0052-4,珊瑚花
ON0053-4,蛋奶甜品
ON0058-4,春雨
ON0059-4,水清沙白
ON0060-4,桂花糖
ON0061-4,醇香燕麦
ON0065-4,古董白
ON0066-4,润采无暇
ON1810-4,橙花油
ON0068-4,菠萝冻
ON2508-4,含羞草
ON0072-4,梦仙缭绕
ON0073-4,朝霞
ON0078-4,轻幔绮罗
ON0079-4,淡雅韵味
ON0080-4,橘果酱
ON0085-4,釉粉
ON0086-4,盈漾淡雅
ON0087-4,流金岁月
ON0088-4,热情果
ON0092-4,天鹅梦
ON0093-4,可可松饼
ON1851-4,昨日再现
ON1860-4,杏仁花
ON1708-4,珊瑚海滩
ON0094-4,莹彩粉色
ON0095-4,纤舞
ON1707-4,蜜柚
ON2301-4,飞絮
ON1601-4,粉色象牙
ON2310-4,浅杏
ON1807-4,楸木红
ON2401-4,名瓷
ON2351-4,杏元饼干
ON2360-4,驼绒
YC0001-4,云香
YC0002-4,明润丰采
YC0003-4,魔法奇缘
YC0004-4,诱人芝士
YC2808-4,睡莲
YC3808-4,官窑瓷器
YC2851-4,梨碧花
YC2860-4,大波斯菊
YC2807-4,黄飘带
YC3708-4,蜡烛黄
YC2801-4,秋日私语
YC2810-4,喜气洋洋
YC0008-4,甜奶油
YC0009-4,小岛金沙
YC0010-4,午后鹅黄
YC0011-4,芒果慕司
YC0015-4,融雪
YC0016-4,水映朝阳
YC0017-4,月光林地
YC0018-4,凤梨酥
YC0022-4,芝士彩
YC0023-4,醉清风
YC0024-4,沙琪玛
YC0025-4,柠檬香味
YC2907-4,精梳棉
YC0029-4,香浓椰浆
YC2951-4,花粉黄
YC2960-4,甜曲奇
YC4808-4,小木马
YC0030-4,栀子花
YC2901-4,琥珀彩
YC2910-4,柠檬香
YC0031-4,月半弯
YC0032-4,五月花
YC0033-4,金银花露
YC0034-4,阳光心情
YC0038-4,蚕丝白
YC0039-4,星月神话
YC0040-4,金香槟
YC0041-4,淘气小熊
YC0045-4,轻抚
YC0046-4,奶油杏仁
YC0047-4,香蕉果泡
YC0048-4,浓郁奶酪
YC0052-4,透明黄
YC3008-4,金发美女
YC3051-4,晨光
YC3107-4,奇迹
YC3101-4,黄金海岸
YC3251-4,珍珠黄
YC3110-4,柠檬果冻
YC3201-4,黄麻彩
YC3001-4,和平之光
YC0053-4,谷道小米
YC3010-4,波尔尼香槟
YC0054-4,开心果
YC0055-4, 蛋奶酥
YC0056-4,波斯公主
YC0061-4,月光爱人
YC0062-4,驼铃
YC0063-4,篱笆外
YC0064-4,俏丽曙光
YC3707-4,帆布工装
YC0068-4,美人鱼
YC3151-4,蕾丝花边
YC3210-4,北极春
YC3108-4,卡普里清酒
YC0069-4,茉莉飘香
YC0070-4,沉色月光
YC0075-4,夜明珠
YC0076-4,柠檬汁
YC0077-4,雏菊
YC0078-4,菊花露
YC0082-4,煦日阳光
YC0083-4,劲舞青春
YN0001-4,玉兰花
YN3207-4,三月阳光
YN4951-4,石上清泉
YN0002-4,舒活自然
YN0006-4,浅黄帷幔
YN0007-4,棉花糖
YN0008-4,梨花香
YN0009-4,柠绿
YN0013-4,北极光
YN0014-4,晨星
YN0015-4,邂逅柔情
YN0016-4,星光灿烂
YN2908-4,色拉浆
YN3307-4,愉悦
YN0020-4,冰菊物语
YN3160-4,庭院深深
YN3308-4,残月
YN3301-4,鲜奶油
YN3351-4,石英砂
YN3310-4,醇黄
YN0021-4,珍珠母贝
YN0022-4,快乐之源
YN0023-4,月光派对
YN0024-4,活力绽放
YN0028-4,幼羽
YN0029-4,回声
YN0030-4,乳黄
YN3360-4,流光溢彩
YN0031-4,俄国风情
YN0032-4,淡奶饼干
YN0033-4,南国韵味
YN0034-4,琵琶风
YN3807-4,素色
YN0038-4,番木白
YN3751-4,乡村印象
YN3760-4,回忆
YN3007-4,虔诚
YN3701-4,象牙
YN0039-4,沙滩
YN3710-4,嫩黄
YN0040-4,芝心
YN0041-4,绵密丝语
YN0042-4,淳美豆香
YN0047-4,白巧克力
YN0048-4,哈根
YN0049-4,晨之美
YN0050-4,醇香蜂蜜
YN0054-4,新白
YN3601-4,香草黄
YN3651-4,清风明月
YN0055-4,软玉温香
YN0056-4,楼兰古城
YN0057-4,卡萨布兰卡
YN0058-4,软陶
YN0062-4,雅韵琥珀
YN0063-4,咖啡泡沫
YN0069-4,象牙塔
YN0070-4,欢沁密语
YN0071-4,酒暖
YN0072-4,秋湖
GC0001-4,苏打水
GC0002-4,白桦林
GC0003-4,青梅竹马
GC0004-4,薄阳
GC0008-4,君子之交
GC0009-4,青柠汽水
GC0010-4,轻扬晨光
GC0011-4,酸苹果
GC0015-4,雪融冰晶
GC0016-4,落日
GC0017-4,白茶
GC4001-4,叶飘香
GC4051-4,柳叶彩
GC0022-4,绿芽
GC3208-4,桂花黄
GC4007-4,秋思
GC4008-4,幻彩绿
GC4107-4,冷黄
GC4101-4,尼河日照
GC0023-4,新茶
GC5001-4,圣洁
GC4108-4,网纹甜瓜
GC4151-4,绿精灵
GC4507-4,草木芳华
GC4208-4,无忧草
GC4251-4,青橙淡彩
GC4210-4,香木缘
GC4207-4,甘蓝草
GC0024-4,碧罗相依
GC0025-4,冰镇芭乐
GC4310-4,春意融融
GC0026-4,新绿百合
GC4551-4,亮绿
GC0027-4,原味绿茶
GC4510-4,游园惊梦
GC4608-4,薄荷新叶
GC5301-4,淡荷彩
GC4651-4,清风拂面
GC4610-4,沫香奶茶
GC5608-4,峡谷烟云
GC5407-4,山泉水
GC0028-4,青涩果实
GC5310-4,冰薄荷
GC6201-4,细雪
GC6108-4,匈奴铁骑
GC0029-4,间春绿色
GC5360-4,浮萍
GC4308-4,金山棕
GC4401-4,奶油黄瓜
GC0030-4,水漾活力
GC4660-4,青翠山岗
GC5408-4,溪水潺潺
GC5308-4,惆怅
GC4508-4,常青树
GC4560-4,青山翠谷
GC0031-4,苏梅岛
GC0032-4,泉之绿
GC5401-4,台地风光
GC5410-4,绿火花
GC5601-4,沧海月明
GC5507-4,水果清香
GC5501-4,霜绿
GC5510-4,纯绿
GC0033-4,天鹅湖
GC0034-4,夏草
GC5451-4,小家碧玉
GC5460-4,雾中翡翠
GC0035-4,莹澈光芒
GC6207-4,冰晶蓝
GC5551-4,清川
GC5560-4,海隅微阳
GC0036-4,往事如烟
GC5801-4,冰雾
GC5651-4,寂寞清秋
GC5660-4,寒馨
GC5908-4,圣殿山
GC5708-4,山间飞瀑
GC5751-4,海之女
GC5760-4,冰兰
GN4908-4,小溪流
GN5007-4,泉城风景
GN5051-4,洋葱
GN5010-4,草原回春
GN5207-4,寒江冷月
GN4408-4,极地雪橇
GN5107-4,苦艾草
GN5060-4,晨雾
GN5201-4,银狐
GN4201-4,苦艾酒
GN4501-4,霜封苔原
GN5110-4,甘蔗
GN5108-4,牧场风暴
GN6007-4,青涩酸橙
GN5151-4,薄荷绿
GN5160-4,青青草场
GN5101-4,冬园即景
GN4307-4,青柠汁
GN4301-4,早春时节
GN4260-4,嘉年华
GN4607-4,浅草绿
GN4601-4,松柏常青
GN4351-4,春水微澜
GN4360-4,绿水晶
GN4407-4,夏雨
GN5351-4,冰绿
GN0005-4,早春遐想
GN4410-4,翠堤春晓
GN5307-4,秋水云庐
GN5508-4,草本精华
GN4451-4,似水柔情
GN4460-4,阿拉伯绿
GN5208-4,蓝调爵士
GN6008-4,薄荷精油
GN6051-4,晨雾漫漫
GN6010-4,浅绿
GN6607-4,细雨情丝
GN6001-4,柠檬汽水
GN6107-4,布鲁塞尔灰
GN6060-4,烟雨朦朦
BC6407-4,雁南飞
BC5707-4,在水一方
BC5701-4,萧瑟西风
BC5610-4,烟涛微茫
BC6701-4,思绪万千
BC0001-4,幽静湖蓝
BC5851-4,昨夜星辰
BC5710-4,秋波流转
BC6608-4,晨歌
BC5808-4,冒险精神
BC5951-4,仙乐飘飘
BC5810-4,浅蓝
BC0002-4,素雅绿
BC5907-4,外层空间
BC5901-4,云林烟雾
BC5910-4,一望无际
BC7407-4,水粉画
BC0003-4,碧幽水
BC6601-4,萍水相逢
BC6610-4,一帘幽梦
BC7307-4,北欧港湾
BC7401-4,雾都黎明
BC0004-4,涟漪
BC5860-4,似水流年
BC6807-4,暮鼓晨钟
BC0005-4,森林公主
BC0006-4,冰清
BC5960-4,快乐老家
BC0007-4,青云
BC0008-4,秋泉
BC6310-4,蒂罗尔蓝
BC0009-4,波罗的海
BC7301-4,太虚幻境
BC7501-4,极地寒冰
BC6308-4,雾锁冰洋
BC6210-4,蓝贵人
BC5607-4,希望
BC6307-4,大风暴
BC6351-4,牛津纺
BC6360-4,瑞雪丰年
BC0010-4,清澈无瑕
BC6408-4,恋巢雏鸟
BC0011-4,幽兰
BC6410-4,睡美人
BC0012-4,云水谣
BC0013-4,沁心冰蓝
BC6651-4,鸟鸣
BC6660-4,极地清晨
BC0014-4,云淡风轻 
BC6708-4,平静海风
BC6751-4,法国蕾丝
BC6760-4,愚人码头
BC6707-4,羞涩
BC0015-4,夏日水蓝
BC0016-4,湖滨之恋
BC6710-4,爱情鸟
BC0017-4,细雨
BC0018-4,都柏林
BC0019-4,倩语
BC6810-4,挪威蓝
BC0020-4,平和
BC0021-4,露珠
BC0022-4,春水
BN0001-4,微蓝
BN0002-4,水天一色
BN0003-4,爱尔兰
BN6908-4,冬日街灯
BN0008-4,淡淡忧郁
BN0009-4,晚塘月色
BN6910-4,水中花
BN7807-4,夜色迷离
BN0010-4,冷感
BN6951-4,勿忘我
BN6960-4,蓝狐
BN0011-4,钻石冰蓝
BN6851-4,飘渺
BN0012-4,天湖
BN7510-4,韵蓝
BN0013-4,云天蓝
BN0014-4,浅蓝晨雾
BN0015-4,蓝色瓷器
BN6860-4,紫罗兰
BN7608-4,风中低语
BN7651-4,飘蓝
BN7660-4,幸运星
BN7610-4,法国奶酪
BN7007-4,北风
BN0016-4,霜蓝
BN7551-4,亚得里亚海
BN7560-4,仲夏夜之梦
BN6907-4,甜蜜遐想
BN0017-4,水乡船曲
BN0018-4,渔人码头
BN7410-4,飞燕草
BN6808-4,里海清波
BN7707-4,青烟飘渺
BN6451-4,蓝灰
BN6460-4,远方
BN0019-4,马尔代夫
BN7408-4,畅想
BN7451-4,空谷回声
BN7460-4,冬日晴空
VC0001-4,微白
VC0002-4,紫蔓
VC0003-4,青花瓷
VC7010-4,水晶兰
VC7008-4,冬日黄昏
VC7051-4,紫气东升
VC7060-4,人约黄昏
VC0005-4,典雅灰
VC0006-4,紫草森林
VC0012-4,冰岛
VC0013-4,灰色空间
VC0014-4,寒露
VC0015-4,霜露
VC7710-4,天山雪莲
VC0016-4,格调紫
VC0019-4,烟尘
VC0020-4,失落星
VC0021-4,莲之影
VC7110-4,龙舌兰
VC7108-4,淡雅丁香
VC7208-4,渴望
VC7151-4,夜来香
VC7160-4,紫雾丁香
VC7708-4,浪漫情调
VC7751-4,紫色花边
VC7760-4,波斯绸
VC0023-4,轻盈
VC0024-4,水晶之恋
VC0025-4,雪青
VC7251-4,梦幻丁香
VC0030-4,紫蜻蜓
VC7260-4,丁香小溪
VC0032-4,蓝莓奶昔
VC0033-4,爱的迷恋
VC0034-4,洋李色
VC7210-4,葡萄挂露
VC0035-4,香芋奶昔
VC0036-4,迷迭香
VC0037-4,薄纱
VC0042-4,樱花粉
VC0043-4,提子奶糖
VC0044-4,东洋兰
VC0045-4,紫霞
VC0049-4,柔静
VC0050-4,轻歌曼舞
VC0051-4,魔幻精灵
VC0052-4,爱的魔力
VC0056-4,酸甜蜜果
VC0057-4,香雾
VC0058-4,紫郁轻扬
VC0059-4,雨中起舞
VC0063-4,红粉相宜
VC0064-4,芦花映白
VC0065-4,婀娜背影
VC0066-4,紫玉兰
VN0070-4,粉沁之心
VN0071-4,爱丽丝梦境
VN0072-4,浅紫烟云
VN0110-4,绣线菊
VN0108-4,瑞士红
VN0151-4,西洋丁香
VN0160-4,悠悠若兰
VN0073-4,雾都恋人
VN0074-4,西西里岛
VN0075-4,木槿怡人
VN0076-4,倩紫
VN0077-4,优雅紫
VN0081-4,微风记忆
VN0082-4,梦幻精灵
VN0083-4,索菲亚
VN0084-4,紫绒花
NN7201-4,蝴蝶兰
NN0001-4,舒适
NN2651-4,幻影
NN2660-4,帏幔
NN0002-4,百利甜酒
NN0003-4,香盈藕粉
NN0004-4,复古橡粉
NN2610-4,哔叽灰
NN0005-4,可爱泡泡
NN0101-4,幽幽熏草
NN0851-4,祥云飘渺
NN0860-4,珊瑚
NN0006-4,浮生若梦
NN0007-4,粉衣素裹
NN0008-4,水色如暮
NN0810-4,蔷薇
NN0009-4,珍珠粉
NN0010-4,草莓牛奶
NN0910-4,春风桃红
NN0011-4,沙褐色
NN0012-4,海贝壳
NN0013-4,法国橙花
NN0014-4,烟灰粉
NN0960-4,香石竹
NN0801-4,巧笑焉然
NN1001-4,艳影
NN0015-4,巧克力慕斯
NN1010-4,成熟浆果
NN0808-4,甜蜜花香
NN0016-4,纯情奶咖
NN1051-4,粉红珊瑚
NN1060-4,欢快小鹿
NN1408-4,澳洲坚果
NN1208-4,野蘑菇
NN0017-4,琥珀
NN1110-4,乡村小径
NN1407-4,矿石场
NN0807-4,精制白脱
NN0951-4,静谧米兰
NN1210-4,茶红
NN1108-4,粉红蕾丝
NN1007-4,麦乳精
NN1251-4,韵红
NN1260-4,绛石
NN0908-4,杏仁果
NN1101-4,小桦树
NN1151-4,贝思黄
NN1160-4,凝褐
NN0901-4,风尘仆仆
NN1608-4,埃尔沙
NN1008-4,贝壳红
NN2160-4,大漠风情
NN2507-4,麦乡野花
NN1107-4,护花使者
NN2151-4,桃韫气息
NN2110-4,醇香奶酪
NN2307-4,星辰
NN2101-4,柔美肌肤
NN2051-4,胡桃彩
NN2060-4,高原羊驼
NN0018-4,芭蕾舞曲
NN1801-4,樱花彩
NN2001-4,香子兰
NN2010-4,玫瑰花蜜
NN2007-4,流沙
NN2108-4,锯叶草
NN2451-4,亚麻
NN2460-4,巧克力屑
NN2008-4,香草冰激凌
NN2308-4,粉珍珠
NN2408-4,大麦茶
NN2410-4,陶土
NN2407-4,欧洲亚麻
NN3401-4,荷兰乳酪
NN0019-4,温柔时光
NN3410-4,稻花香
NN1808-4,维多利亚黄
NN3508-4,鸡蛋布丁
NN3551-4,柔软白沙
NN3560-4,驼毛
NN2607-4,夏日莉莲
NN2601-4,粉白
NN0020-4,奶咖
NN2560-4,可可果冻
NN0907-4,可可蛋奶
NN1201-4,薄雾玫瑰
NN2608-4,肩章红
NN2510-4,可可糖
NN1507-4,贝壳白
NN2551-4,古象牙
NN3451-4,曼哈顿印象
NN3460-4,午后奶茶
NN0021-4,妩媚
NN0022-4,天然纯米
NN0023-4,夏日闲情
NN3510-4,小甜饼
NN2107-4,传世遗珍
NN0024-4,盈润无暇
NN0025-4,麦芽糖
NN3407-4,丝光棉
NN0026-4,白朗姆酒
NN2707-4,上弦月
NN3810-4,午后戈壁
NN4907-4,西风高原
NN4807-4,咖啡知己
NN4701-4,珍珠光华
NN4760-4,锡兰象牙
NN1207-4,毛绒玩具
NN2501-4,蛋白奶糖
NN3851-4,轻舞飞扬
NN3860-4,淡米色
NN3501-4,晨曦
NN3408-4,羊皮信纸
NN4751-4,金色牧场
NN4710-4,蟠桃
NN4707-4,落叶
NN0027-4,珍珠耳环
NN0028-4,皓泽
NN0029-4,香槟夜色
NN3801-4,新瓷
NN4901-4,白土布
NN4851-4,切尔沙的世界
NN4810-4,初冬街景
NN3607-4,黄毕叽
NN3507-4,全麦饼干
NN4801-4,埃及艳后
NN4860-4,深棕黄
NN3907-4,浅丁香
NN5008-4,青鸟翩翔
NN0033-4,利口酒
NN4910-4,韭菜
NN1301-4,貂白
NN4708-4,阿拉伯帐篷
NN0034-4,面纱
NN4960-4,油石灰
NN0035-4,晨间积雪
NN3901-4,初雪时节
NN0036-4,烟如浩淼
NN3910-4,飞沙走石
NN1308-4,飞马行空
NN3908-4,八卦星相
NN3951-4,苍茫穹顶
NN3960-4,霜林晚归
NN1307-4,石膏岩
NN7207-4,科罗拉多
NN1351-4,雪花石膏
NN1310-4,淡灰
NN7107-4,细雪飞舞
NN7101-4,翩翩紫蝶
NN0037-4,太空漫步
NN1360-4,灰纽扣
NN7701-4,轻纱
NN7801-4,牛津白
NN0038-4,烟云
NN6510-4,翩翩起舞
NN6508-4,利剑寒光
NN6801-4,圣音
NN6551-4,海市蜃楼
NN6560-4,曲径通幽
NN7808-4,迅捷
NN6901-4,天蓝色
NN7851-4,银帀
NN7860-4,浅灰
NN7001-4,雪花膏
NN7601-4,天人合一
NN0039-4,孤单背影
NN7810-4,寒江雪
NN7607-4,白桦
NN7308-4,雨季天空
NN7351-4,康塔塔
NN7360-4,暮色灰
NN7508-4,深遂太空
NN0040-4,水泥蓝
NN7310-4,渔光曲
NN0041-4,暮色
NN7507-4,挪威森林
NN6208-4,惊蛰春雷
NN6251-4,蔚蓝天空
NN6260-4,白杨礼赞
NN0042-4,莹玉
NN6401-4,冰天雪地
NN6301-4,山间小溪
NN6160-4,大运河
NN5807-4,润物细雨
NN6507-4,深海珍珠
NN6151-4,涓涓细流
NN6110-4,北国山川
NN0043-4,铃兰
NN0044-4,淡玉
NN6101-4,窃窃私语
NN5210-4,波音飞机
NN0045-4,清风
NN6501-4,水色天光
NN5251-4,雨季
NN5260-4,灰姑娘