北京,北京市,门头沟区,
北京,北京市,房山区,
北京,北京市,顺义区,
北京,北京市,怀柔区,
北京,北京市,平谷区,
北京,北京市,密云县,
北京,北京市,延庆县,
北京,北京市,其它区,
天津,天津市,汉沽区,
天津,天津市,武清区,
天津,天津市,宝坻区,
天津,天津市,滨海新区,
天津,天津市,宁河县,
天津,天津市,静海县,
天津,天津市,蓟县,
天津,天津市,其它区,
河北省,石家庄市,井陉矿区,
河北省,石家庄市,井陉县,
河北省,石家庄市,正定县,
河北省,石家庄市,栾城县,
河北省,石家庄市,行唐县,
河北省,石家庄市,灵寿县,
河北省,石家庄市,高邑县,
河北省,石家庄市,深泽县,
河北省,石家庄市,赞皇县,
河北省,石家庄市,无极县,
河北省,石家庄市,平山县,
河北省,石家庄市,元氏县,
河北省,石家庄市,赵县,
河北省,石家庄市,辛集市,
河北省,石家庄市,藁城市,
河北省,石家庄市,晋州市,
河北省,石家庄市,新乐市,
河北省,石家庄市,鹿泉市,
河北省,石家庄市,其它区,
河北省,唐山市,*,
河北省,秦皇岛市,*,
河北省,邯郸市,*,
河北省,邢台市,*,
河北省,保定市,*,
河北省,张家口市,*,
河北省,承德市,*,
河北省,沧州市,*,
河北省,廊坊市,*,
河北省,衡水市,*,
山西省,太原市,其它区,
山西省,大同市,*,
山西省,阳泉市,*,
山西省,长治市,*,
山西省,晋城市,*,
山西省,朔州市,*,
山西省,晋中市,*,
山西省,运城市,*,
山西省,忻州市,*,
山西省,临汾市,*,
山西省,吕梁市,*,
内蒙古自治区,呼和浩特市,土默特左旗,
内蒙古自治区,呼和浩特市,托克托县,
内蒙古自治区,呼和浩特市,和林格尔县,
内蒙古自治区,呼和浩特市,清水河县,
内蒙古自治区,呼和浩特市,武川县,
内蒙古自治区,包头市,*,
内蒙古自治区,乌海市,*,
内蒙古自治区,赤峰市,*,
内蒙古自治区,通辽市,*,
内蒙古自治区,鄂尔多斯市,*,
内蒙古自治区,呼伦贝尔市,*,
内蒙古自治区,巴彦淖尔市,*,
内蒙古自治区,乌兰察布市,*,
内蒙古自治区,兴安盟,*,
内蒙古自治区,锡林郭勒盟,*,
内蒙古自治区,阿拉善盟,*,
辽宁省,沈阳市,沈河区,
辽宁省,沈阳市,大东区,
辽宁省,沈阳市,苏家屯区,
辽宁省,沈阳市,东陵区,
辽宁省,沈阳市,新城子区,
辽宁省,沈阳市,于洪区,
辽宁省,沈阳市,辽中县,
辽宁省,沈阳市,康平县,
辽宁省,沈阳市,法库县,
辽宁省,沈阳市,新民市,
辽宁省,沈阳市,浑南新区,
辽宁省,沈阳市,张士开发区,
辽宁省,沈阳市,沈北新区,
辽宁省,沈阳市,其它区,
辽宁省,大连市,*,
辽宁省,鞍山市,*,
辽宁省,抚顺市,*,
辽宁省,本溪市,*,
辽宁省,丹东市,*,
辽宁省,锦州市,*,
辽宁省,营口市,*,
辽宁省,阜新市,*,
辽宁省,辽阳市,*,
辽宁省,盘锦市,*,
辽宁省,铁岭市,*,
辽宁省,朝阳市,*,
辽宁省,葫芦岛市,*,
吉林省,*,*,
黑龙江省,哈尔滨市,呼兰区,
黑龙江省,哈尔滨市,依兰县,
黑龙江省,哈尔滨市,方正县,
黑龙江省,哈尔滨市,宾县,
黑龙江省,哈尔滨市,巴彦县,
黑龙江省,哈尔滨市,木兰县,
黑龙江省,哈尔滨市,通河县,
黑龙江省,哈尔滨市,延寿县,
黑龙江省,哈尔滨市,阿城市,
黑龙江省,哈尔滨市,双城市,
黑龙江省,哈尔滨市,尚志市,
黑龙江省,哈尔滨市,五常市,
黑龙江省,哈尔滨市,阿城市,
黑龙江省,哈尔滨市,其它区,
黑龙江省,齐齐哈尔市,*,
黑龙江省,鸡西市,*,
黑龙江省,鹤岗市,*,
黑龙江省,双鸭山市,*,
黑龙江省,大庆市,*,
黑龙江省,伊春市,*,
黑龙江省,佳木斯市,*,
黑龙江省,七台河市,*,
黑龙江省,牡丹江市,*,
黑龙江省,黑河市,*,
黑龙江省,绥化市,*,
黑龙江省,大兴安岭地区,*,
江苏省,南京市,浦口区,
江苏省,南京市,六合区,
江苏省,南京市,溧水县,
江苏省,南京市,高淳县,
江苏省,南京市,其它区,
江苏省,无锡市,江阴市,
江苏省,无锡市,宜兴市,
江苏省,无锡市,其它区,
江苏省,徐州市,*,
江苏省,常州市,*,
江苏省,苏州市,常熟市,
江苏省,苏州市,张家港市,
江苏省,苏州市,昆山市,
江苏省,苏州市,吴江市,
江苏省,苏州市,太仓市,
江苏省,苏州市,园区,
江苏省,苏州市,其它区,
江苏省,南通市,*,
江苏省,连云港市,*,
江苏省,淮安市,*,
江苏省,盐城市,*,
江苏省,扬州市,*,
江苏省,镇江市,*,
江苏省,泰州市,*,
江苏省,宿迁市,*,
浙江省,杭州市,萧山区,
浙江省,杭州市,余杭区,
浙江省,杭州市,桐庐县,
浙江省,杭州市,淳安县,
浙江省,杭州市,建德市,
浙江省,杭州市,富阳市,
浙江省,杭州市,临安市,
浙江省,杭州市,其它区,
浙江省,宁波市,象山县,
浙江省,宁波市,宁海县,
浙江省,宁波市,余姚市,
浙江省,宁波市,慈溪市,
浙江省,宁波市,奉化市,
浙江省,宁波市,其它区,
浙江省,嘉兴市,嘉善县,
浙江省,嘉兴市,海盐县,
浙江省,嘉兴市,海宁市,
浙江省,嘉兴市,平湖市,
浙江省,嘉兴市,桐乡市,
浙江省,嘉兴市,其它区,
浙江省,湖州市,*,
浙江省,绍兴市,其它区,
浙江省,金华市,*,
浙江省,衢州市,*,
浙江省,舟山市,*,
浙江省,台州市,玉环县,
浙江省,台州市,三门县,
浙江省,台州市,天台县,
浙江省,台州市,仙居县,
浙江省,台州市,温岭市,
浙江省,台州市,临海市,
浙江省,台州市,其它区,
浙江省,丽水市,*,
安徽省,*,*,
福建省,福州市,鼓楼区,
福建省,福州市,台江区,
福建省,福州市,仓山区,
福建省,福州市,马尾区,
福建省,福州市,晋安区,
福建省,福州市,闽侯县,
福建省,福州市,连江县,
福建省,福州市,罗源县,
福建省,福州市,闽清县,
福建省,福州市,永泰县,
福建省,福州市,平潭县,
福建省,福州市,福清市,
福建省,福州市,长乐市,
福建省,福州市,其它区,
福建省,厦门市,思明区,
福建省,厦门市,海沧区,
福建省,厦门市,湖里区,
福建省,厦门市,集美区,
福建省,厦门市,同安区,
福建省,厦门市,翔安区,
福建省,厦门市,其它区,
福建省,莆田市,*,
福建省,三明市,*,
福建省,泉州市,*,
福建省,漳州市,*,
福建省,南平市,*,
福建省,龙岩市,*,
福建省,宁德市,*,
江西省,*,*,
山东省,济南市,长清区,
山东省,济南市,平阴县,
山东省,济南市,济阳县,
山东省,济南市,商河县,
山东省,济南市,章丘市,
山东省,济南市,其它区,
山东省,青岛市,黄岛区,
山东省,青岛市,城阳区,
山东省,青岛市,开发区,
山东省,青岛市,胶州市,
山东省,青岛市,即墨市,
山东省,青岛市,平度市,
山东省,青岛市,胶南市,
山东省,青岛市,莱西市,
山东省,青岛市,其它区,
山东省,淄博市,*,
山东省,枣庄市,*,
山东省,东营市,*,
山东省,烟台市,*,
山东省,潍坊市,*,
山东省,济宁市,*,
山东省,泰安市,*,
山东省,威海市,*,
山东省,日照市,*,
山东省,莱芜市,*,
山东省,临沂市,*,
山东省,德州市,*,
山东省,聊城市,*,
山东省,滨州市,*,
山东省,菏泽市,*,
河南省,郑州市,上街区,
河南省,郑州市,中牟县,
河南省,郑州市,巩义市,
河南省,郑州市,荥阳市,
河南省,郑州市,新密市,
河南省,郑州市,新郑市,
河南省,郑州市,登封市,
河南省,郑州市,其它区,
河南省,开封市,*,
河南省,洛阳市,*,
河南省,平顶山市,*,
河南省,安阳市,*,
河南省,鹤壁市,*,
河南省,新乡市,*,
河南省,焦作市,*,
河南省,濮阳市,*,
河南省,许昌市,*,
河南省,漯河市,*,
河南省,三门峡市,*,
河南省,南阳市,*,
河南省,商丘市,*,
河南省,信阳市,*,
河南省,周口市,*,
河南省,驻马店市,*,
湖北省,武汉市,汉南区,
湖北省,武汉市,蔡甸区,
湖北省,武汉市,江夏区,
湖北省,武汉市,黄陂区,
湖北省,武汉市,新洲区,
湖北省,黄石市,*,
湖北省,十堰市,*,
湖北省,宜昌市,*,
湖北省,襄阳市,*,
湖北省,鄂州市,*,
湖北省,荆门市,*,
湖北省,孝感市,*,
湖北省,荆州市,*,
湖北省,黄冈市,*,
湖北省,咸宁市,*,
湖北省,随州市,*,
湖北省,恩施土家族苗族自治州,*,
湖北省,仙桃市,*,
湖北省,潜江市,*,
湖北省,天门市,*,
湖北省,神农架林区,*,
湖南省,长沙市,长沙县,
湖南省,长沙市,望城县,
湖南省,长沙市,宁乡县,
湖南省,长沙市,浏阳市,
湖南省,长沙市,其它区,
湖南省,株洲市,*,
湖南省,湘潭市,*,
湖南省,衡阳市,*,
湖南省,邵阳市,*,
湖南省,岳阳市,*,
湖南省,常德市,*,
湖南省,张家界市,*,
湖南省,益阳市,*,
湖南省,郴州市,*,
湖南省,永州市,*,
湖南省,怀化市,*,
湖南省,娄底市,*,
湖南省,湘西土家族苗族自治州,*,
广东省,韶关市,*,
广东省,深圳市,其它区,
广东省,珠海市,斗门区,
广东省,珠海市,金湾区,
广东省,珠海市,金唐区,
广东省,珠海市,南湾区,
广东省,珠海市,其它区,
广东省,汕头市,*,
广东省,佛山市,其它区,
广东省,江门市,*,
广东省,湛江市,*,
广东省,茂名市,*,
广东省,肇庆市,*,
广东省,惠州市,*,
广东省,梅州市,*,
广东省,汕尾市,*,
广东省,河源市,*,
广东省,阳江市,*,
广东省,清远市,*,
广东省,中山市,*,
广东省,潮州市,*,
广东省,揭阳市,*,
广东省,云浮市,*,
广西壮族自治区,南宁市,武鸣县,
广西壮族自治区,南宁市,隆安县,
广西壮族自治区,南宁市,马山县,
广西壮族自治区,南宁市,上林县,
广西壮族自治区,南宁市,宾阳县,
广西壮族自治区,南宁市,横县,
广西壮族自治区,南宁市,其它区,
广西壮族自治区,柳州市,*,
广西壮族自治区,桂林市,*,
广西壮族自治区,梧州市,*,
广西壮族自治区,北海市,*,
广西壮族自治区,防城港市,*,
广西壮族自治区,钦州市,*,
广西壮族自治区,贵港市,*,
广西壮族自治区,玉林市,*,
广西壮族自治区,百色市,*,
广西壮族自治区,贺州市,*,
广西壮族自治区,河池市,*,
广西壮族自治区,来宾市,*,
广西壮族自治区,崇左市,*,
海南省,海口市,秀英区,
海南省,海口市,龙华区,
海南省,海口市,琼山区,
海南省,海口市,美兰区,
海南省,海口市,其它区,
海南省,三亚市,*,
海南省,五指山市,*,
海南省,琼海市,*,
海南省,儋州市,*,
海南省,文昌市,*,
海南省,万宁市,*,
海南省,东方市,*,
海南省,定安县,*,
海南省,屯昌县,*,
海南省,澄迈县,*,
海南省,临高县,*,
海南省,白沙黎族自治县,*,
海南省,昌江黎族自治县,*,
海南省,乐东黎族自治县,*,
海南省,陵水黎族自治县,*,
海南省,保亭黎族苗族自治县,*,
海南省,琼中黎族苗族自治县,*,
海南省,西沙群岛,*,
海南省,南沙群岛,*,
海南省,中沙群岛的岛礁及其海域,*,
贵州省,贵阳市,花溪区,
贵州省,贵阳市,乌当区,
贵州省,贵阳市,白云区,
贵州省,贵阳市,开阳县,
贵州省,贵阳市,息烽县,
贵州省,贵阳市,修文县,
贵州省,贵阳市,金阳开发区,
贵州省,贵阳市,清镇市,
贵州省,贵阳市,其它区,
贵州省,六盘水市,*,
贵州省,遵义市,*,
贵州省,安顺市,*,
贵州省,铜仁地区,*,
贵州省,黔西南布依族苗族自治州,*,
贵州省,毕节地区,*,
贵州省,黔东南苗族侗族自治州,*,
贵州省,黔南布依族苗族自治州,*,
云南省,昆明市,东川区,
云南省,昆明市,呈贡县,
云南省,昆明市,晋宁县,
云南省,昆明市,富民县,
云南省,昆明市,宜良县,
云南省,昆明市,石林彝族自治县,
云南省,昆明市,嵩明县,
云南省,昆明市,禄劝彝族苗族自治县,
云南省,昆明市,寻甸回族彝族自治县,
云南省,昆明市,安宁市,
云南省,昆明市,其它区,
云南省,曲靖市,*,
云南省,玉溪市,*,
云南省,保山市,*,
云南省,昭通市,*,
云南省,丽江市,*,
云南省,普洱市,*,
云南省,临沧市,*,
云南省,楚雄彝族自治州,*,
云南省,红河哈尼族彝族自治州,*,
云南省,文山壮族苗族自治州,*,
云南省,西双版纳傣族自治州,*,
云南省,大理白族自治州,*,
云南省,德宏傣族景颇族自治州,*,
云南省,怒江傈僳族自治州,*,
云南省,迪庆藏族自治州,*,
西藏自治区,*,*,
陕西省,西安市,阎良区,
陕西省,西安市,临潼区,
陕西省,西安市,长安区,
陕西省,西安市,蓝田县,
陕西省,西安市,周至县,
陕西省,西安市,户县,
陕西省,西安市,高陵县,
陕西省,西安市,其它区,
陕西省,铜川市,*,
陕西省,宝鸡市,*,
陕西省,咸阳市,*,
陕西省,渭南市,*,
陕西省,延安市,*,
陕西省,汉中市,*,
陕西省,榆林市,*,
陕西省,安康市,*,
陕西省,商洛市,*,
甘肃省,*,*,
青海省,*,*,
宁夏回族自治区,*,*,
新疆维吾尔自治区,*,*,