1400070,利维喜 束颜 90片,亮丽容颜
1400500,利维喜 膳食纤维/草本配方 120片x2瓶,消化吸收
1400560,利维喜 法国松树皮提取物片 50片,延缓衰老
1400570,利维喜 法国松树皮提取物片 175片,延缓衰老
1400600,利维喜 复合B-100营养片 100片,精力补充
1400640,利维喜 莓果明慕精华 12x30毫升,护眼明目
1400813,利维喜 活性红曲米胶囊 60粒,心血管健康
1400950,利维喜 谷胱甘肽葡萄籽复合粉1.2克 X 30包,亮丽容颜
1400960,利维喜 儿童DHA 粉,脑部发育
1401320,利维喜 回原肽速C蛋白果味饮料400毫升（50毫升*8瓶） (NEW PRODUCT),亮丽容颜
2500030,Liverite 甘宁胶囊 60粒,消化吸收
6100030,奥特蒙 100%金牌乳清蛋白粉（巧克力）5磅,运动营养
6100050,奥特蒙 100%金牌乳清蛋白粉（香草）5磅,运动营养
10800010,瑞莱 男士多维矿物质综合营养片 60片,基础营养
10800100,瑞莱 钙镁锌复合片 90片,骨骼关节
10800170,瑞莱 深海鱼油软胶囊 1000 100粒,心血管健康
10800420,瑞莱 叶酸营养片 800mg 100's,孕期营养
10800510,瑞莱 番茄提取物软胶囊  10MG 60's,延缓衰老
10800520,瑞莱 维生素C营养片 90's,提高免疫力
10800530,瑞莱 儿童液体钙 16OZ,儿童营养
10800560,瑞莱 大豆提取物软胶囊 60粒,亮丽容颜
10800600,瑞莱 葡萄籽提取物胶囊100粒,延缓衰老
10800740,瑞莱 左旋肉碱胶囊   600mg  30‘s,体重管理
10800770,瑞莱 浓缩深海鱼油软胶囊 60粒 ,心血管健康
10800790,瑞莱 ASF 褪黑素春黄菊复合胶囊 30粒,睡眠改善
10800800,瑞莱 左旋肉碱覆盆子复合胶囊 60粒,体重管理
6100260,奥特蒙  高能增肌蛋白粉（巧克力）6磅,运动营养
1401430,利维喜 STEMC 肽速C 30粒礼盒装,延缓衰老
1401440,利维喜  STEMC肽速C 60粒 礼盒装,延缓衰老
10800810,瑞莱  辅酶Q10胶囊 100mg 30粒,心血管健康
10800860,瑞莱 BF燃脂覆盆子植物提取复合片,体重管理
10800870,瑞莱 女性多种营养复合片 60片,基础营养
11900010,海之健 鱼油橄榄复合胶囊 60粒,心血管健康
1401520,利维喜 回原胶原蛋白果味饮料1支（赠品),赠品
9901430,药盒（赠品）,赠品
